film_title,rental_date
"SUSPECTS QUILLS","2006-02-14 15:16:03"
"SHAWSHANK BUBBLE","2006-02-14 15:16:03"
"TROJAN TOMORROW","2006-02-14 15:16:03"
"SUNDANCE INVASION","2006-02-14 15:16:03"
"SHOCK CABIN","2006-02-14 15:16:03"
"SHOCK CABIN","2006-02-14 15:16:03"
"SUMMER SCARFACE","2006-02-14 15:16:03"
"SUIT WALLS","2006-02-14 15:16:03"
"SUIT WALLS","2006-02-14 15:16:03"
"SHREK LICENSE","2006-02-14 15:16:03"
"VARSITY TRIP","2006-02-14 15:16:03"
"TRADING PINOCCHIO","2006-02-14 15:16:03"
"VANISHING ROCKY","2006-02-14 15:16:03"
"VANISHED GARDEN","2006-02-14 15:16:03"
"SILVERADO GOLDFINGER","2006-02-14 15:16:03"
"STREAK RIDGEMONT","2006-02-14 15:16:03"
"ZHIVAGO CORE","2006-02-14 15:16:03"
"SLEEPING SUSPECTS","2006-02-14 15:16:03"
"SLEEPLESS MONSOON","2006-02-14 15:16:03"
"WORLD LEATHERNECKS","2006-02-14 15:16:03"
"SLEEPY JAPANESE","2006-02-14 15:16:03"
"WOMEN DORADO","2006-02-14 15:16:03"
"WINDOW SIDE","2006-02-14 15:16:03"
"SMOKING BARBARELLA","2006-02-14 15:16:03"
"SMOOCHY CONTROL","2006-02-14 15:16:03"
"WILD APOLLO","2006-02-14 15:16:03"
"WEDDING APOLLO","2006-02-14 15:16:03"
"SONG HEDWIG","2006-02-14 15:16:03"
"SONS INTERVIEW","2006-02-14 15:16:03"
"SONS INTERVIEW","2006-02-14 15:16:03"
"SOUTH WAIT","2006-02-14 15:16:03"
"WANDA CHAMBER","2006-02-14 15:16:03"
"VOLCANO TEXAS","2006-02-14 15:16:03"
"VIRGINIAN PLUTO","2006-02-14 15:16:03"
"THEORY MERMAID","2006-02-14 15:16:03"
"TITANIC BOONDOCK","2006-02-14 15:16:03"
"TITANIC BOONDOCK","2006-02-14 15:16:03"
"TUXEDO MILE","2006-02-14 15:16:03"
"TITANS JERK","2006-02-14 15:16:03"
"STAR OPERATION","2006-02-14 15:16:03"
"SWEETHEARTS SUSPECTS","2006-02-14 15:16:03"
"STATE WASTELAND","2006-02-14 15:16:03"
"TROUBLE DATE","2006-02-14 15:16:03"
"SWEDEN SHINING","2006-02-14 15:16:03"
"SWARM GOLD","2006-02-14 15:16:03"
"TORQUE BOUND","2006-02-14 15:16:03"
"DRAGONFLY STRANGERS","2006-02-14 15:16:03"
"CLEOPATRA DEVIL","2006-02-14 15:16:03"
"ACE GOLDFINGER","2006-02-14 15:16:03"
"DRIFTER COMMANDMENTS","2006-02-14 15:16:03"
"DRIVER ANNIE","2006-02-14 15:16:03"
"AFFAIR PREJUDICE","2006-02-14 15:16:03"
"BANG KWAI","2006-02-14 15:16:03"
"AFRICAN EGG","2006-02-14 15:16:03"
"CINCINATTI WHISPERER","2006-02-14 15:16:03"
"FIGHT JAWBREAKER","2006-02-14 15:16:03"
"BOULEVARD MOB","2006-02-14 15:16:03"
"HALF OUTFIELD","2006-02-14 15:16:03"
"HALF OUTFIELD","2006-02-14 15:16:03"
"CHITTY LOCK","2006-02-14 15:16:03"
"DWARFS ALTER","2006-02-14 15:16:03"
"GABLES METROPOLIS","2006-02-14 15:16:03"
"BASIC EASY","2006-02-14 15:16:03"
"BOUND CHEAPER","2006-02-14 15:16:03"
"EAGLES PANKY","2006-02-14 15:16:03"
"GUNFIGHT MOON","2006-02-14 15:16:03"
"GUNFIGHT MOON","2006-02-14 15:16:03"
"CHASING FIGHT","2006-02-14 15:16:03"
"EARTH VISION","2006-02-14 15:16:03"
"GROUNDHOG UNCUT","2006-02-14 15:16:03"
"ALI FOREVER","2006-02-14 15:16:03"
"FROST HEAD","2006-02-14 15:16:03"
"EFFECT GLADIATOR","2006-02-14 15:16:03"
"CHAMBER ITALIAN","2006-02-14 15:16:03"
"CENTER DINOSAUR","2006-02-14 15:16:03"
"ALONE TRIP","2006-02-14 15:16:03"
"ENCINO ELF","2006-02-14 15:16:03"
"FRISCO FORREST","2006-02-14 15:16:03"
"CAT CONEHEADS","2006-02-14 15:16:03"
"FRIDA SLIPPER","2006-02-14 15:16:03"
"AMADEUS HOLY","2006-02-14 15:16:03"
"ENOUGH RAGING","2006-02-14 15:16:03"
"AMERICAN CIRCUS","2006-02-14 15:16:03"
"BERETS AGENT","2006-02-14 15:16:03"
"AMISTAD MIDSUMMER","2006-02-14 15:16:03"
"CANYON STOCK","2006-02-14 15:16:03"
"CANDIDATE PERDITION","2006-02-14 15:16:03"
"GRAPES FURY","2006-02-14 15:16:03"
"GRAIL FRANKENSTEIN","2006-02-14 15:16:03"
"CAMELOT VACATION","2006-02-14 15:16:03"
"HAUNTED ANTITRUST","2006-02-14 15:16:03"
"FALCON VOLUME","2006-02-14 15:16:03"
"FORRESTER COMANCHEROS","2006-02-14 15:16:03"
"BUBBLE GROSSE","2006-02-14 15:16:03"
"GORGEOUS BINGO","2006-02-14 15:16:03"
"BULL SHAWSHANK","2006-02-14 15:16:03"
"FAMILY SWEET","2006-02-14 15:16:03"
"FAMILY SWEET","2006-02-14 15:16:03"
"HARRY IDAHO","2006-02-14 15:16:03"
"HAPPINESS UNITED","2006-02-14 15:16:03"
"DANCES NONE","2006-02-14 15:16:03"
"DANCES NONE","2006-02-14 15:16:03"
"CYCLONE FAMILY","2006-02-14 15:16:03"
"CURTAIN VIDEOTAPE","2006-02-14 15:16:03"
"DAY UNFAITHFUL","2006-02-14 15:16:03"
"DEEP CRUSADE","2006-02-14 15:16:03"
"CROOKED FROGMEN","2006-02-14 15:16:03"
"DEER VIRGINIAN","2006-02-14 15:16:03"
"FLYING HOOK","2006-02-14 15:16:03"
"ARMAGEDDON LOST","2006-02-14 15:16:03"
"CREATURES SHAKESPEARE","2006-02-14 15:16:03"
"CREATURES SHAKESPEARE","2006-02-14 15:16:03"
"GLEAMING JAWBREAKER","2006-02-14 15:16:03"
"DETAILS PACKER","2006-02-14 15:16:03"
"CONVERSATION DOWNHILL","2006-02-14 15:16:03"
"DETECTIVE VISION","2006-02-14 15:16:03"
"BLADE POLISH","2006-02-14 15:16:03"
"DEVIL DESIRE","2006-02-14 15:16:03"
"BLANKET BEVERLY","2006-02-14 15:16:03"
"CONNECTION MICROCOSMOS","2006-02-14 15:16:03"
"DISCIPLE MOTHER","2006-02-14 15:16:03"
"DIVINE RESURRECTION","2006-02-14 15:16:03"
"DOORS PRESIDENT","2006-02-14 15:16:03"
"DOORS PRESIDENT","2006-02-14 15:16:03"
"GHOST GROUNDHOG","2006-02-14 15:16:03"
"CLUB GRAFFITI","2006-02-14 15:16:03"
"BOOGIE AMELIE","2006-02-14 15:16:03"
"CLUB GRAFFITI","2006-02-14 15:16:03"
"BAKED CLEOPATRA","2006-02-14 15:16:03"
"PRIDE ALAMO","2006-02-14 15:16:03"
"MOSQUITO ARMAGEDDON","2006-02-14 15:16:03"
"IGBY MAKER","2006-02-14 15:16:03"
"OPERATION OPERATION","2006-02-14 15:16:03"
"MOONWALKER FOOL","2006-02-14 15:16:03"
"PRINCESS GIANT","2006-02-14 15:16:03"
"LUST LOCK","2006-02-14 15:16:03"
"LOVELY JINGLE","2006-02-14 15:16:03"
"LUST LOCK","2006-02-14 15:16:03"
"POLLOCK DELIVERANCE","2006-02-14 15:16:03"
"PULP BEVERLY","2006-02-14 15:16:03"
"OPPOSITE NECKLACE","2006-02-14 15:16:03"
"PURE RUNNER","2006-02-14 15:16:03"
"QUEEN LUKE","2006-02-14 15:16:03"
"JUGGLER HARDLY","2006-02-14 15:16:03"
"SEATTLE EXPECATIONS","2006-02-14 15:16:03"
"SEABISCUIT PUNK","2006-02-14 15:16:03"
"LORD ARIZONA","2006-02-14 15:16:03"
"PIRATES ROXANNE","2006-02-14 15:16:03"
"LOATHING LEGALLY","2006-02-14 15:16:03"
"PIANIST OUTFIELD","2006-02-14 15:16:03"
"HOLES BRANNIGAN","2006-02-14 15:16:03"
"OUTFIELD MASSACRE","2006-02-14 15:16:03"
"HYDE DOCTOR","2006-02-14 15:16:03"
"PHILADELPHIA WIFE","2006-02-14 15:16:03"
"SCARFACE BANG","2006-02-14 15:16:03"
"OUTLAW HANKY","2006-02-14 15:16:03"
"RIDGEMONT SUBMARINE","2006-02-14 15:16:03"
"KICK SAVANNAH","2006-02-14 15:16:03"
"RIVER OUTLAW","2006-02-14 15:16:03"
"PEACH INNOCENT","2006-02-14 15:16:03"
"HUNGER ROOF","2006-02-14 15:16:03"
"LAWLESS VISION","2006-02-14 15:16:03"
"HUNCHBACK IMPOSSIBLE","2006-02-14 15:16:03"
"LADY STAGE","2006-02-14 15:16:03"
"MOTIONS DETAILS","2006-02-14 15:16:03"
"MONSTER SPARTACUS","2006-02-14 15:16:03"
"MIDNIGHT WESTWARD","2006-02-14 15:16:03"
"MOVIE SHAKESPEARE","2006-02-14 15:16:03"
"MULAN MOON","2006-02-14 15:16:03"
"MULHOLLAND BEAST","2006-02-14 15:16:03"
"MUMMY CREATURES","2006-02-14 15:16:03"
"JASON TRAP","2006-02-14 15:16:03"
"NONE SPIKING","2006-02-14 15:16:03"
"INSECTS STONE","2006-02-14 15:16:03"
"INSIDER ARIZONA","2006-02-14 15:16:03"
"MOCKINGBIRD HOLLYWOOD","2006-02-14 15:16:03"
"INSIDER ARIZONA","2006-02-14 15:16:03"
"INTENTIONS EMPIRE","2006-02-14 15:16:03"
"INTENTIONS EMPIRE","2006-02-14 15:16:03"
"NAME DETECTIVE","2006-02-14 15:16:03"
"MINORITY KISS","2006-02-14 15:16:03"
"INTRIGUE WORST","2006-02-14 15:16:03"
"MOB DUFFEL","2005-08-23 22:50:12"
"HUNCHBACK IMPOSSIBLE","2005-08-23 22:43:07"
"ILLUSION AMELIE","2005-08-23 22:42:48"
"VOYAGE LEGALLY","2005-08-23 22:26:47"
"COMANCHEROS ENEMY","2005-08-23 22:25:26"
"EVERYONE CRAFT","2005-08-23 22:24:39"
"STING PERSONAL","2005-08-23 22:21:03"
"CHARADE DUFFEL","2005-08-23 22:20:40"
"TOMORROW HUSTLER","2005-08-23 22:20:26"
"SCORPION APOLLO","2005-08-23 22:19:33"
"CAPER MOTIONS","2005-08-23 22:18:51"
"MICROCOSMOS PARADISE","2005-08-23 22:14:31"
"BIRD INDEPENDENCE","2005-08-23 22:13:04"
"FANTASIA PARK","2005-08-23 22:12:44"
"CAPER MOTIONS","2005-08-23 22:08:04"
"CHICKEN HELLFIGHTERS","2005-08-23 22:06:34"
"COLOR PHILADELPHIA","2005-08-23 22:06:15"
"MALLRATS UNITED","2005-08-23 21:59:57"
"HARPER DYING","2005-08-23 21:59:26"
"TRAIN BUNCH","2005-08-23 21:56:04"
"DARN FORRESTER","2005-08-23 21:54:02"
"MAKER GABLES","2005-08-23 21:52:56"
"GRAPES FURY","2005-08-23 21:49:33"
"BUCKET BROTHERHOOD","2005-08-23 21:49:22"
"GROUNDHOG UNCUT","2005-08-23 21:48:54"
"OPPOSITE NECKLACE","2005-08-23 21:46:47"
"LAWRENCE LOVE","2005-08-23 21:45:02"
"ORIENT CLOSER","2005-08-23 21:44:27"
"PERFECT GROOVE","2005-08-23 21:37:59"
"BEAUTY GREASE","2005-08-23 21:34:33"
"PINOCCHIO SIMON","2005-08-23 21:30:45"
"CURTAIN VIDEOTAPE","2005-08-23 21:27:35"
"CHILL LUCK","2005-08-23 21:27:11"
"ROLLERCOASTER BRINGING","2005-08-23 21:26:35"
"PITY BOUND","2005-08-23 21:25:03"
"RIDGEMONT SUBMARINE","2005-08-23 21:18:31"
"CARRIE BUNCH","2005-08-23 21:17:17"
"LOLITA WORLD","2005-08-23 21:13:39"
"DOORS PRESIDENT","2005-08-23 21:11:33"
"MANCHURIAN CURTAIN","2005-08-23 21:10:24"
"PELICAN COMFORTS","2005-08-23 21:07:59"
"REDS POCUS","2005-08-23 21:04:51"
"RAGE GAMES","2005-08-23 21:02:43"
"BANGER PINOCCHIO","2005-08-23 21:01:09"
"RECORDS ZORRO","2005-08-23 21:00:22"
"JEKYLL FROGMEN","2005-08-23 20:53:20"
"RUGRATS SHAKESPEARE","2005-08-23 20:47:28"
"MURDER ANTITRUST","2005-08-23 20:47:12"
"BARBARELLA STREETCAR","2005-08-23 20:45:53"
"BEDAZZLED MARRIED","2005-08-23 20:44:36"
"MEET CHOCOLATE","2005-08-23 20:44:10"
"EDGE KISSING","2005-08-23 20:41:09"
"NIGHTMARE CHILL","2005-08-23 20:40:31"
"PIRATES ROXANNE","2005-08-23 20:31:38"
"DRACULA CRYSTAL","2005-08-23 20:29:56"
"BRIDE INTRIGUE","2005-08-23 20:29:10"
"GILBERT PELICAN","2005-08-23 20:28:44"
"RIVER OUTLAW","2005-08-23 20:28:32"
"IDOLS SNATCHERS","2005-08-23 20:27:34"
"RAGE GAMES","2005-08-23 20:25:11"
"AIRPORT POLLOCK","2005-08-23 20:24:36"
"STRICTLY SCARFACE","2005-08-23 20:23:08"
"POSEIDON FOREVER","2005-08-23 20:22:17"
"SANTA PARIS","2005-08-23 20:20:37"
"MINE TITANS","2005-08-23 20:20:23"
"HOUSE DYNAMITE","2005-08-23 20:16:27"
"RIDGEMONT SUBMARINE","2005-08-23 20:13:38"
"ORANGE GRAPES","2005-08-23 20:13:31"
"NORTHWEST POLISH","2005-08-23 20:12:17"
"ROCKETEER MOTHER","2005-08-23 20:10:13"
"SNOWMAN ROLLERCOASTER","2005-08-23 20:08:26"
"WHALE BIKINI","2005-08-23 20:08:18"
"DINOSAUR SECRETARY","2005-08-23 20:07:10"
"CONVERSATION DOWNHILL","2005-08-23 20:07:08"
"MOONWALKER FOOL","2005-08-23 20:06:23"
"SCORPION APOLLO","2005-08-23 20:06:04"
"MURDER ANTITRUST","2005-08-23 20:04:41"
"WEREWOLF LOLA","2005-08-23 20:00:30"
"SAINTS BRIDE","2005-08-23 19:59:33"
"WONDERLAND CHRISTMAS","2005-08-23 19:54:24"
"HALL CASSIDY","2005-08-23 19:51:30"
"SHEPHERD MIDSUMMER","2005-08-23 19:51:29"
"BILL OTHERS","2005-08-23 19:50:06"
"SADDLE ANTITRUST","2005-08-23 19:46:39"
"BAREFOOT MANCHURIAN","2005-08-23 19:45:25"
"SQUAD FISH","2005-08-23 19:42:46"
"SATURDAY LAMBS","2005-08-23 19:42:04"
"SWEET BROTHERHOOD","2005-08-23 19:35:42"
"FOREVER CANDIDATE","2005-08-23 19:35:42"
"CAPER MOTIONS","2005-08-23 19:27:04"
"TRAINSPOTTING STRANGERS","2005-08-23 19:22:36"
"ALIEN CENTER","2005-08-23 19:21:22"
"MUMMY CREATURES","2005-08-23 19:19:21"
"JET NEIGHBORS","2005-08-23 19:19:06"
"CASSIDY WYOMING","2005-08-23 19:14:07"
"SNATCHERS MONTEZUMA","2005-08-23 19:13:46"
"EVERYONE CRAFT","2005-08-23 19:11:29"
"PATIENT SISTER","2005-08-23 19:10:32"
"FANTASIA PARK","2005-08-23 19:09:39"
"DYNAMITE TARZAN","2005-08-23 19:06:04"
"BREAKFAST GOLDFINGER","2005-08-23 18:59:33"
"HEARTBREAKERS BRIGHT","2005-08-23 18:54:32"
"WRONG BEHAVIOR","2005-08-23 18:54:07"
"SHRUNK DIVINE","2005-08-23 18:51:41"
"YENTL IDAHO","2005-08-23 18:50:54"
"CLASH FREDDY","2005-08-23 18:49:32"
"DORADO NOTTING","2005-08-23 18:48:40"
"VELVET TERMINATOR","2005-08-23 18:46:44"
"GASLIGHT CRUSADE","2005-08-23 18:45:06"
"PURPLE MOVIE","2005-08-23 18:44:21"
"OCTOBER SUBMARINE","2005-08-23 18:43:31"
"NUTS TIES","2005-08-23 18:43:22"
"ENGLISH BULWORTH","2005-08-23 18:43:11"
"CYCLONE FAMILY","2005-08-23 18:41:11"
"DESERT POSEIDON","2005-08-23 18:40:41"
"SATURN NAME","2005-08-23 18:36:44"
"WYOMING STORM","2005-08-23 18:31:40"
"DRAGON SQUAD","2005-08-23 18:28:09"
"ARMAGEDDON LOST","2005-08-23 18:26:51"
"HANKY OCTOBER","2005-08-23 18:23:30"
"ILLUSION AMELIE","2005-08-23 18:23:24"
"LOVE SUICIDES","2005-08-23 18:23:11"
"JERICHO MULAN","2005-08-23 18:20:56"
"ROSES TREASURE","2005-08-23 18:15:06"
"DOWNHILL ENOUGH","2005-08-23 18:08:59"
"GOODFELLAS SALUTE","2005-08-23 18:08:19"
"GORGEOUS BINGO","2005-08-23 18:07:31"
"BAKED CLEOPATRA","2005-08-23 18:06:54"
"BARBARELLA STREETCAR","2005-08-23 18:05:10"
"GREEDY ROOTS","2005-08-23 18:01:31"
"FISH OPUS","2005-08-23 17:57:35"
"IMAGE PRINCESS","2005-08-23 17:57:28"
"ZORRO ARK","2005-08-23 17:56:01"
"SENSE GREEK","2005-08-23 17:52:01"
"CLYDE THEORY","2005-08-23 17:49:26"
"STORY SIDE","2005-08-23 17:48:30"
"PIANIST OUTFIELD","2005-08-23 17:47:40"
"PARTY KNOCK","2005-08-23 17:44:53"
"BASIC EASY","2005-08-23 17:43:16"
"BORROWERS BEDAZZLED","2005-08-23 17:42:42"
"LOVE SUICIDES","2005-08-23 17:42:00"
"OPEN AFRICAN","2005-08-23 17:39:35"
"RACER EGG","2005-08-23 17:36:00"
"SHREK LICENSE","2005-08-23 17:33:04"
"ARMAGEDDON LOST","2005-08-23 17:32:19"
"ENGLISH BULWORTH","2005-08-23 17:30:40"
"WOMEN DORADO","2005-08-23 17:28:03"
"MUMMY CREATURES","2005-08-23 17:19:17"
"DOWNHILL ENOUGH","2005-08-23 17:16:30"
"STEEL SANTA","2005-08-23 17:16:28"
"SCALAWAG DUCK","2005-08-23 17:13:01"
"GLEAMING JAWBREAKER","2005-08-23 17:12:31"
"CANDIDATE PERDITION","2005-08-23 17:09:56"
"JUMPING WRATH","2005-08-23 17:09:31"
"MASSACRE USUAL","2005-08-23 17:02:00"
"FAMILY SWEET","2005-08-23 17:01:00"
"INVASION CYCLONE","2005-08-23 17:00:12"
"SHOW LORD","2005-08-23 16:58:12"
"CONEHEADS SMOOCHY","2005-08-23 16:57:43"
"OUTLAW HANKY","2005-08-23 16:56:14"
"UPRISING UPTOWN","2005-08-23 16:54:09"
"PAYCHECK WAIT","2005-08-23 16:50:53"
"INDIAN LOVE","2005-08-23 16:50:43"
"JOON NORTHWEST","2005-08-23 16:45:28"
"MYSTIC TRUMAN","2005-08-23 16:44:56"
"HUNTER ALTER","2005-08-23 16:44:31"
"CHAMPION FLATLINERS","2005-08-23 16:44:25"
"MALTESE HOPE","2005-08-23 16:43:54"
"BANG KWAI","2005-08-23 16:42:53"
"GANGS PRIDE","2005-08-23 16:34:31"
"KISSING DOLLS","2005-08-23 16:33:33"
"GREATEST NORTH","2005-08-23 16:32:10"
"CHANCE RESURRECTION","2005-08-23 16:30:55"
"WRONG BEHAVIOR","2005-08-23 16:27:59"
"ROOTS REMEMBER","2005-08-23 16:27:24"
"BRANNIGAN SUNRISE","2005-08-23 16:24:24"
"CAUSE DATE","2005-08-23 16:23:08"
"EXPRESS LONELY","2005-08-23 16:22:20"
"ITALIAN AFRICAN","2005-08-23 16:19:14"
"STAGECOACH ARMAGEDDON","2005-08-23 16:19:02"
"HUNTING MUSKETEERS","2005-08-23 16:18:25"
"PATHS CONTROL","2005-08-23 16:18:12"
"MUSIC BOONDOCK","2005-08-23 16:17:09"
"HAUNTING PIANIST","2005-08-23 16:15:45"
"MEET CHOCOLATE","2005-08-23 16:08:40"
"USUAL UNTOUCHABLES","2005-08-23 16:08:15"
"WONKA SEA","2005-08-23 16:07:15"
"MOTHER OLEANDER","2005-08-23 15:59:51"
"ROMAN PUNK","2005-08-23 15:59:12"
"MALLRATS UNITED","2005-08-23 15:59:01"
"GLASS DYING","2005-08-23 15:58:05"
"BAKED CLEOPATRA","2005-08-23 15:54:20"
"FORREST SONS","2005-08-23 15:47:02"
"KARATE MOON","2005-08-23 15:46:33"
"CAT CONEHEADS","2005-08-23 15:45:42"
"TIES HUNGER","2005-08-23 15:41:20"
"INSTINCT AIRPORT","2005-08-23 15:41:12"
"KICK SAVANNAH","2005-08-23 15:39:38"
"SHRUNK DIVINE","2005-08-23 15:39:18"
"VERTIGO NORTHWEST","2005-08-23 15:38:34"
"HUNTER ALTER","2005-08-23 15:38:12"
"CHAINSAW UPTOWN","2005-08-23 15:37:31"
"HARRY IDAHO","2005-08-23 15:36:05"
"NORTHWEST POLISH","2005-08-23 15:35:59"
"HELLFIGHTERS SIERRA","2005-08-23 15:34:49"
"SNATCH SLIPPER","2005-08-23 15:34:46"
"JADE BUNCH","2005-08-23 15:30:48"
"WARDROBE PHANTOM","2005-08-23 15:29:41"
"BEACH HEARTBREAKERS","2005-08-23 15:29:17"
"FALCON VOLUME","2005-08-23 15:25:27"
"BADMAN DAWN","2005-08-23 15:23:50"
"CONFIDENTIAL INTERVIEW","2005-08-23 15:22:15"
"FLASH WARS","2005-08-23 15:21:35"
"POCUS PULP","2005-08-23 15:21:19"
"BEVERLY OUTLAW","2005-08-23 15:19:15"
"WARDROBE PHANTOM","2005-08-23 15:17:14"
"BREAKFAST GOLDFINGER","2005-08-23 15:16:32"
"GREASE YOUTH","2005-08-23 15:15:19"
"BACKLASH UNDEFEATED","2005-08-23 15:15:02"
"APACHE DIVINE","2005-08-23 15:10:42"
"OSCAR GOLD","2005-08-23 15:09:17"
"PEAK FOREVER","2005-08-23 15:08:00"
"SHINING ROSES","2005-08-23 15:05:59"
"GRAFFITI LOVE","2005-08-23 15:03:58"
"WRONG BEHAVIOR","2005-08-23 15:03:13"
"SIDE ARK","2005-08-23 15:01:54"
"MIDNIGHT WESTWARD","2005-08-23 14:59:58"
"CELEBRITY HORN","2005-08-23 14:59:51"
"SHOW LORD","2005-08-23 14:58:06"
"BILKO ANONYMOUS","2005-08-23 14:55:47"
"VOYAGE LEGALLY","2005-08-23 14:52:50"
"WIFE TURN","2005-08-23 14:47:26"
"SATURDAY LAMBS","2005-08-23 14:43:46"
"JAPANESE RUN","2005-08-23 14:43:15"
"HEAVEN FREEDOM","2005-08-23 14:42:07"
"GO PURPLE","2005-08-23 14:38:37"
"MONTEZUMA COMMAND","2005-08-23 14:35:10"
"MODERN DORADO","2005-08-23 14:31:50"
"WONDERLAND CHRISTMAS","2005-08-23 14:31:19"
"ROAD ROXANNE","2005-08-23 14:29:16"
"CADDYSHACK JEDI","2005-08-23 14:27:07"
"ALABAMA DEVIL","2005-08-23 14:26:51"
"GANGS PRIDE","2005-08-23 14:26:04"
"DAWN POND","2005-08-23 14:23:44"
"MALKOVICH PET","2005-08-23 14:23:23"
"SPLENDOR PATTON","2005-08-23 14:23:03"
"CADDYSHACK JEDI","2005-08-23 14:13:47"
"FIDDLER LOST","2005-08-23 14:12:22"
"WAIT CIDER","2005-08-23 14:07:56"
"NORTH TEQUILA","2005-08-23 14:06:19"
"IRON MOON","2005-08-23 14:05:37"
"TRACY CIDER","2005-08-23 14:02:13"
"ODDS BOOGIE","2005-08-23 14:01:07"
"EARRING INSTINCT","2005-08-23 13:56:40"
"ADAPTATION HOLES","2005-08-23 13:54:39"
"OSCAR GOLD","2005-08-23 13:51:57"
"POLISH BROOKLYN","2005-08-23 13:48:34"
"GRIT CLOCKWORK","2005-08-23 13:46:27"
"ANGELS LIFE","2005-08-23 13:46:00"
"BORN SPINAL","2005-08-23 13:45:44"
"REIGN GENTLEMEN","2005-08-23 13:43:26"
"WHISPERER GIANT","2005-08-23 13:41:05"
"FUGITIVE MAGUIRE","2005-08-23 13:33:46"
"UNDEFEATED DALMATIONS","2005-08-23 13:29:08"
"ALABAMA DEVIL","2005-08-23 13:26:01"
"INTENTIONS EMPIRE","2005-08-23 13:25:44"
"ENCOUNTERS CURTAIN","2005-08-23 13:25:08"
"GHOSTBUSTERS ELF","2005-08-23 13:24:57"
"VIRTUAL SPOILERS","2005-08-23 13:22:56"
"SLACKER LIAISONS","2005-08-23 13:18:46"
"FICTION CHRISTMAS","2005-08-23 13:18:16"
"LIFE TWISTED","2005-08-23 13:16:15"
"CHILL LUCK","2005-08-23 13:14:47"
"SATURN NAME","2005-08-23 13:14:15"
"HORROR REIGN","2005-08-23 13:10:16"
"ELEMENT FREDDY","2005-08-23 13:06:19"
"OTHERS SOUP","2005-08-23 13:05:10"
"ANGELS LIFE","2005-08-23 13:02:59"
"CRUSADE HONEY","2005-08-23 13:01:43"
"VOYAGE LEGALLY","2005-08-23 12:55:51"
"PELICAN COMFORTS","2005-08-23 12:50:00"
"EXPENDABLE STALLION","2005-08-23 12:47:37"
"APACHE DIVINE","2005-08-23 12:47:26"
"ESCAPE METROPOLIS","2005-08-23 12:47:16"
"CROSSROADS CASUALTIES","2005-08-23 12:47:05"
"CALIFORNIA BIRDS","2005-08-23 12:46:38"
"KISSING DOLLS","2005-08-23 12:43:42"
"SAGEBRUSH CLUELESS","2005-08-23 12:43:30"
"INDIAN LOVE","2005-08-23 12:41:38"
"CIRCUS YOUTH","2005-08-23 12:41:07"
"WINDOW SIDE","2005-08-23 12:36:05"
"TWISTED PIRATES","2005-08-23 12:33:41"
"MULHOLLAND BEAST","2005-08-23 12:33:00"
"FORWARD TEMPLE","2005-08-23 12:29:24"
"JERK PAYCHECK","2005-08-23 12:26:19"
"LEBOWSKI SOLDIERS","2005-08-23 12:15:51"
"GHOSTBUSTERS ELF","2005-08-23 12:12:05"
"EXPENDABLE STALLION","2005-08-23 12:11:37"
"UNDEFEATED DALMATIONS","2005-08-23 12:10:54"
"AMELIE HELLFIGHTERS","2005-08-23 12:07:51"
"BEAR GRACELAND","2005-08-23 11:56:22"
"CAROL TEXAS","2005-08-23 11:55:50"
"DESERT POSEIDON","2005-08-23 11:52:18"
"VACATION BOONDOCK","2005-08-23 11:40:30"
"SUMMER SCARFACE","2005-08-23 11:40:08"
"TRIP NEWTON","2005-08-23 11:37:32"
"RANGE MOONWALKER","2005-08-23 11:35:12"
"ROUGE SQUAD","2005-08-23 11:33:25"
"DARKO DORADO","2005-08-23 11:32:35"
"MASKED BUBBLE","2005-08-23 11:30:32"
"ISLAND EXORCIST","2005-08-23 11:28:49"
"CYCLONE FAMILY","2005-08-23 11:28:26"
"BLUES INSTINCT","2005-08-23 11:25:00"
"DEVIL DESIRE","2005-08-23 11:22:09"
"STRANGERS GRAFFITI","2005-08-23 11:17:26"
"NATIONAL STORY","2005-08-23 11:16:29"
"CIDER DESIRE","2005-08-23 11:16:16"
"MADRE GABLES","2005-08-23 11:15:20"
"SUSPECTS QUILLS","2005-08-23 11:08:46"
"ISLAND EXORCIST","2005-08-23 11:05:17"
"NATURAL STOCK","2005-08-23 11:02:00"
"SPOILERS HELLFIGHTERS","2005-08-23 10:57:40"
"BIRCH ANTITRUST","2005-08-23 10:56:15"
"HEAVEN FREEDOM","2005-08-23 10:43:56"
"CONEHEADS SMOOCHY","2005-08-23 10:43:00"
"BIRDS PERDITION","2005-08-23 10:36:00"
"HOOK CHARIOTS","2005-08-23 10:35:51"
"SIERRA DIVIDE","2005-08-23 10:35:45"
"WIZARD COLDBLOODED","2005-08-23 10:32:52"
"DANGEROUS UPTOWN","2005-08-23 10:32:52"
"CLUELESS BUCKET","2005-08-23 10:25:45"
"NUTS TIES","2005-08-23 10:23:48"
"GARDEN ISLAND","2005-08-23 10:23:28"
"OUTBREAK DIVINE","2005-08-23 10:22:21"
"OTHERS SOUP","2005-08-23 10:21:21"
"TRADING PINOCCHIO","2005-08-23 10:20:35"
"WILLOW TRACY","2005-08-23 10:11:40"
"HORN WORKING","2005-08-23 10:04:36"
"NEWSIES STORY","2005-08-23 10:04:17"
"PATHS CONTROL","2005-08-23 10:02:46"
"COAST RAINBOW","2005-08-23 10:00:24"
"HARRY IDAHO","2005-08-23 10:00:02"
"CONEHEADS SMOOCHY","2005-08-23 09:53:54"
"INCH JET","2005-08-23 09:53:30"
"BAREFOOT MANCHURIAN","2005-08-23 09:52:55"
"NONE SPIKING","2005-08-23 09:48:45"
"BEAUTY GREASE","2005-08-23 09:46:33"
"HUSTLER PARTY","2005-08-23 09:42:21"
"BLINDNESS GUN","2005-08-23 09:41:28"
"SUNSET RACER","2005-08-23 09:40:04"
"SPINAL ROCKY","2005-08-23 09:38:17"
"REQUIEM TYCOON","2005-08-23 09:37:34"
"NECKLACE OUTBREAK","2005-08-23 09:35:34"
"FAMILY SWEET","2005-08-23 09:33:22"
"OUTBREAK DIVINE","2005-08-23 09:27:29"
"EXPRESS LONELY","2005-08-23 09:23:45"
"HYDE DOCTOR","2005-08-23 09:23:36"
"STOCK GLASS","2005-08-23 09:23:08"
"TRADING PINOCCHIO","2005-08-23 09:18:52"
"WITCHES PANIC","2005-08-23 09:16:39"
"PINOCCHIO SIMON","2005-08-23 09:12:50"
"CITIZEN SHREK","2005-08-23 09:09:18"
"SMOOCHY CONTROL","2005-08-23 09:08:16"
"NETWORK PEAK","2005-08-23 09:07:11"
"FRIDA SLIPPER","2005-08-23 09:06:17"
"HOMICIDE PEACH","2005-08-23 09:02:04"
"ENTRAPMENT SATISFACTION","2005-08-23 09:02:03"
"ROXANNE REBEL","2005-08-23 09:01:10"
"SAMURAI LION","2005-08-23 08:59:12"
"HUNTING MUSKETEERS","2005-08-23 08:57:11"
"REMEMBER DIARY","2005-08-23 08:54:26"
"PATTON INTERVIEW","2005-08-23 08:52:50"
"GARDEN ISLAND","2005-08-23 08:52:03"
"QUILLS BULL","2005-08-23 08:51:21"
"SENSE GREEK","2005-08-23 08:48:43"
"ZOOLANDER FICTION","2005-08-23 08:48:43"
"HEDWIG ALTER","2005-08-23 08:42:40"
"UNDEFEATED DALMATIONS","2005-08-23 08:38:58"
"VOYAGE LEGALLY","2005-08-23 08:34:53"
"MOTIONS DETAILS","2005-08-23 08:34:42"
"WESTWARD SEABISCUIT","2005-08-23 08:34:10"
"ROSES TREASURE","2005-08-23 08:31:49"
"LOUISIANA HARRY","2005-08-23 08:29:53"
"BOUND CHEAPER","2005-08-23 08:28:03"
"TELEGRAPH VOYAGE","2005-08-23 08:27:57"
"HYDE DOCTOR","2005-08-23 08:23:56"
"QUEST MUSSOLINI","2005-08-23 08:19:55"
"AMERICAN CIRCUS","2005-08-23 08:13:26"
"MIGHTY LUCK","2005-08-23 08:09:11"
"POCUS PULP","2005-08-23 08:06:49"
"SCALAWAG DUCK","2005-08-23 08:04:40"
"ALABAMA DEVIL","2005-08-23 08:03:25"
"ROCK INSTINCT","2005-08-23 07:54:54"
"BRINGING HYSTERICAL","2005-08-23 07:53:38"
"DUCK RACER","2005-08-23 07:50:46"
"REUNION WITCHES","2005-08-23 07:43:00"
"MAKER GABLES","2005-08-23 07:34:18"
"CROW GREASE","2005-08-23 07:31:10"
"OUTBREAK DIVINE","2005-08-23 07:30:26"
"LOVELY JINGLE","2005-08-23 07:30:23"
"SHAWSHANK BUBBLE","2005-08-23 07:29:13"
"SNATCH SLIPPER","2005-08-23 07:28:22"
"EXTRAORDINARY CONQUERER","2005-08-23 07:28:04"
"FAMILY SWEET","2005-08-23 07:25:38"
"CHASING FIGHT","2005-08-23 07:25:34"
"TROOPERS METAL","2005-08-23 07:25:29"
"BORN SPINAL","2005-08-23 07:24:27"
"PARIS WEEKEND","2005-08-23 07:23:29"
"RIVER OUTLAW","2005-08-23 07:22:02"
"STALLION SUNDANCE","2005-08-23 07:13:43"
"DUDE BLINDNESS","2005-08-23 07:10:22"
"LUCKY FLYING","2005-08-23 07:10:14"
"HELLFIGHTERS SIERRA","2005-08-23 07:07:58"
"TIGHTS DAWN","2005-08-23 07:07:22"
"OUTFIELD MASSACRE","2005-08-23 07:06:38"
"CURTAIN VIDEOTAPE","2005-08-23 07:06:00"
"EARTH VISION","2005-08-23 07:05:15"
"BEVERLY OUTLAW","2005-08-23 07:03:19"
"ROCKETEER MOTHER","2005-08-23 06:59:07"
"GRAFFITI LOVE","2005-08-23 06:56:18"
"IDOLS SNATCHERS","2005-08-23 06:56:15"
"GREASE YOUTH","2005-08-23 06:56:04"
"ORANGE GRAPES","2005-08-23 06:55:26"
"TOMORROW HUSTLER","2005-08-23 06:54:06"
"HALLOWEEN NUTS","2005-08-23 06:50:27"
"POTLUCK MIXED","2005-08-23 06:48:47"
"SWEDEN SHINING","2005-08-23 06:44:19"
"MASKED BUBBLE","2005-08-23 06:41:32"
"FIDELITY DEVIL","2005-08-23 06:41:07"
"SIEGE MADRE","2005-08-23 06:33:26"
"JUGGLER HARDLY","2005-08-23 06:31:24"
"YENTL IDAHO","2005-08-23 06:25:07"
"NAME DETECTIVE","2005-08-23 06:23:26"
"SPIRITED CASUALTIES","2005-08-23 06:21:20"
"STAMPEDE DISTURBING","2005-08-23 06:19:51"
"TELEMARK HEARTBREAKERS","2005-08-23 06:19:12"
"TYCOON GATHERING","2005-08-23 06:18:43"
"SNOWMAN ROLLERCOASTER","2005-08-23 06:15:09"
"ALASKA PHANTOM","2005-08-23 06:11:52"
"TEMPLE ATTRACTION","2005-08-23 06:09:44"
"LIBERTY MAGNIFICENT","2005-08-23 06:03:31"
"HALLOWEEN NUTS","2005-08-23 06:02:35"
"MAIDEN HOME","2005-08-23 06:00:28"
"RACER EGG","2005-08-23 05:57:04"
"DUMBO LUST","2005-08-23 05:55:22"
"SEA VIRGIN","2005-08-23 05:49:21"
"VARSITY TRIP","2005-08-23 05:47:55"
"UPRISING UPTOWN","2005-08-23 05:45:44"
"SWEETHEARTS SUSPECTS","2005-08-23 05:42:13"
"COLDBLOODED DARLING","2005-08-23 05:39:06"
"SUSPECTS QUILLS","2005-08-23 05:38:41"
"NETWORK PEAK","2005-08-23 05:37:13"
"REAP UNFAITHFUL","2005-08-23 05:32:03"
"STREAK RIDGEMONT","2005-08-23 05:30:19"
"REAP UNFAITHFUL","2005-08-23 05:29:32"
"POLISH BROOKLYN","2005-08-23 05:28:36"
"NECKLACE OUTBREAK","2005-08-23 05:28:01"
"CLOCKWORK PARADISE","2005-08-23 05:26:30"
"SWEETHEARTS SUSPECTS","2005-08-23 05:24:55"
"DOGMA FAMILY","2005-08-23 05:24:29"
"DEER VIRGINIAN","2005-08-23 05:24:09"
"MAIDEN HOME","2005-08-23 05:20:36"
"VIRTUAL SPOILERS","2005-08-23 05:17:23"
"ALIEN CENTER","2005-08-23 05:13:09"
"ENCINO ELF","2005-08-23 05:10:42"
"ARIZONA BANG","2005-08-23 05:08:58"
"UNCUT SUICIDES","2005-08-23 05:04:33"
"ALI FOREVER","2005-08-23 05:02:31"
"SHOOTIST SUPERFLY","2005-08-23 05:01:13"
"GROUNDHOG UNCUT","2005-08-23 04:55:05"
"CHASING FIGHT","2005-08-23 04:52:22"
"SIEGE MADRE","2005-08-23 04:52:17"
"SLEEPLESS MONSOON","2005-08-23 04:52:16"
"HEAD STRANGER","2005-08-23 04:51:52"
"ATTACKS HATE","2005-08-23 04:48:12"
"GLORY TRACY","2005-08-23 04:33:39"
"VOICE PEACH","2005-08-23 04:33:23"
"SEVEN SWARM","2005-08-23 04:28:25"
"FANTASIA PARK","2005-08-23 04:27:54"
"BLINDNESS GUN","2005-08-23 04:27:06"
"LAWRENCE LOVE","2005-08-23 04:26:20"
"FLYING HOOK","2005-08-23 04:25:50"
"ILLUSION AMELIE","2005-08-23 04:20:38"
"CORE SUIT","2005-08-23 04:20:16"
"HILLS NEIGHBORS","2005-08-23 04:17:56"
"STAMPEDE DISTURBING","2005-08-23 04:15:41"
"MUMMY CREATURES","2005-08-23 04:13:53"
"GOODFELLAS SALUTE","2005-08-23 04:12:52"
"NONE SPIKING","2005-08-23 04:09:03"
"TYCOON GATHERING","2005-08-23 04:07:37"
"OZ LIAISONS","2005-08-23 04:00:30"
"SWEET BROTHERHOOD","2005-08-23 03:58:28"
"LESSON CLEOPATRA","2005-08-23 03:58:02"
"CAPER MOTIONS","2005-08-23 03:55:54"
"HEAVYWEIGHTS BEAST","2005-08-23 03:54:39"
"LOCK REAR","2005-08-23 03:52:36"
"APOCALYPSE FLAMINGOS","2005-08-23 03:50:48"
"TALENTED HOMICIDE","2005-08-23 03:46:47"
"PATTON INTERVIEW","2005-08-23 03:45:40"
"ALTER VICTORY","2005-08-23 03:44:51"
"OKLAHOMA JUMANJI","2005-08-23 03:44:30"
"SCARFACE BANG","2005-08-23 03:43:32"
"OCTOBER SUBMARINE","2005-08-23 03:36:26"
"MASSACRE USUAL","2005-08-23 03:32:36"
"LION UNCUT","2005-08-23 03:32:31"
"ANNIE IDENTITY","2005-08-23 03:30:51"
"GUNFIGHTER MUSSOLINI","2005-08-23 03:30:45"
"CANYON STOCK","2005-08-23 03:23:32"
"SCORPION APOLLO","2005-08-23 03:19:34"
"JEEPERS WEDDING","2005-08-23 03:13:01"
"BADMAN DAWN","2005-08-23 03:12:54"
"SUGAR WONKA","2005-08-23 03:03:53"
"NEMO CAMPUS","2005-08-23 03:03:40"
"SPICE SORORITY","2005-08-23 03:01:56"
"VIRGINIAN PLUTO","2005-08-23 02:57:30"
"RINGS HEARTBREAKERS","2005-08-23 02:55:42"
"RAGING AIRPLANE","2005-08-23 02:51:27"
"ENGLISH BULWORTH","2005-08-23 02:51:24"
"TELEGRAPH VOYAGE","2005-08-23 02:49:04"
"POLISH BROOKLYN","2005-08-23 02:48:26"
"HIGHBALL POTTER","2005-08-23 02:48:24"
"DRIFTER COMMANDMENTS","2005-08-23 02:46:13"
"HONEY TIES","2005-08-23 02:45:21"
"WONKA SEA","2005-08-23 02:44:49"
"QUEST MUSSOLINI","2005-08-23 02:40:04"
"WIND PHANTOM","2005-08-23 02:39:56"
"CRUELTY UNFORGIVEN","2005-08-23 02:39:37"
"CHARADE DUFFEL","2005-08-23 02:37:19"
"GAMES BOWFINGER","2005-08-23 02:33:27"
"HAUNTING PIANIST","2005-08-23 02:30:23"
"VERTIGO NORTHWEST","2005-08-23 02:26:10"
"PACIFIC AMISTAD","2005-08-23 02:25:09"
"SCORPION APOLLO","2005-08-23 02:20:53"
"ENOUGH RAGING","2005-08-23 02:13:46"
"ICE CROSSING","2005-08-23 02:08:40"
"STREETCAR INTENTIONS","2005-08-23 02:08:18"
"COMA HEAD","2005-08-23 02:06:41"
"WORKING MICROCOSMOS","2005-08-23 02:06:01"
"MILLION ACE","2005-08-23 02:05:51"
"GO PURPLE","2005-08-23 02:05:20"
"BEDAZZLED MARRIED","2005-08-23 02:04:57"
"CHASING FIGHT","2005-08-23 02:04:49"
"PACKER MADIGAN","2005-08-23 02:02:53"
"STREETCAR INTENTIONS","2005-08-23 02:01:20"
"REBEL AIRPORT","2005-08-23 01:59:14"
"RESERVOIR ADAPTATION","2005-08-23 01:57:20"
"TRIP NEWTON","2005-08-23 01:50:53"
"YOUNG LANGUAGE","2005-08-23 01:50:31"
"LOATHING LEGALLY","2005-08-23 01:46:35"
"MADIGAN DORADO","2005-08-23 01:45:07"
"WON DARES","2005-08-23 01:44:43"
"PATHS CONTROL","2005-08-23 01:39:10"
"BLACKOUT PRIVATE","2005-08-23 01:39:10"
"VANISHING ROCKY","2005-08-23 01:39:05"
"MENAGERIE RUSHMORE","2005-08-23 01:38:48"
"PARTY KNOCK","2005-08-23 01:35:12"
"HOLIDAY GAMES","2005-08-23 01:29:59"
"LOSER HUSTLER","2005-08-23 01:25:30"
"SIMON NORTH","2005-08-23 01:22:12"
"CASABLANCA SUPER","2005-08-23 01:16:55"
"BLADE POLISH","2005-08-23 01:16:33"
"RAGE GAMES","2005-08-23 01:15:18"
"CREEPERS KANE","2005-08-23 01:15:07"
"REDEMPTION COMFORTS","2005-08-23 01:14:01"
"WORST BANGER","2005-08-23 01:13:52"
"OPERATION OPERATION","2005-08-23 01:10:42"
"ICE CROSSING","2005-08-23 01:09:48"
"WORST BANGER","2005-08-23 01:07:37"
"LOVE SUICIDES","2005-08-23 01:07:01"
"SWARM GOLD","2005-08-23 01:05:00"
"ACADEMY DINOSAUR","2005-08-23 01:01:01"
"CLOCKWORK PARADISE","2005-08-23 00:57:12"
"BALLOON HOMEWARD","2005-08-23 00:56:27"
"DOUBLE WRATH","2005-08-23 00:56:01"
"NONE SPIKING","2005-08-23 00:55:43"
"OPERATION OPERATION","2005-08-23 00:55:24"
"TIMBERLAND SKY","2005-08-23 00:53:57"
"CALENDAR GUNFIGHT","2005-08-23 00:49:24"
"ATTACKS HATE","2005-08-23 00:48:29"
"DAUGHTER MADIGAN","2005-08-23 00:46:52"
"CLUELESS BUCKET","2005-08-23 00:44:15"
"FISH OPUS","2005-08-23 00:42:49"
"JINGLE SAGEBRUSH","2005-08-23 00:37:21"
"STEEL SANTA","2005-08-23 00:34:28"
"HUNTING MUSKETEERS","2005-08-23 00:31:57"
"UNCUT SUICIDES","2005-08-23 00:31:09"
"FREDDY STORM","2005-08-23 00:30:26"
"INCH JET","2005-08-23 00:28:19"
"WANDA CHAMBER","2005-08-23 00:28:16"
"APOCALYPSE FLAMINGOS","2005-08-23 00:27:18"
"HEDWIG ALTER","2005-08-23 00:26:52"
"RANGE MOONWALKER","2005-08-23 00:26:47"
"CLUELESS BUCKET","2005-08-23 00:20:31"
"WAR NOTTING","2005-08-23 00:11:52"
"MUSCLE BRIGHT","2005-08-23 00:07:53"
"REIGN GENTLEMEN","2005-08-23 00:07:19"
"CARIBBEAN LIBERTY","2005-08-23 00:05:57"
"SAGEBRUSH CLUELESS","2005-08-23 00:03:01"
"METAL ARMAGEDDON","2005-08-22 23:58:09"
"ACADEMY DINOSAUR","2005-08-22 23:56:37"
"FATAL HAUNTED","2005-08-22 23:55:51"
"DOZEN LION","2005-08-22 23:54:36"
"CONGENIALITY QUEST","2005-08-22 23:54:14"
"HANKY OCTOBER","2005-08-22 23:54:04"
"DRUMS DYNAMITE","2005-08-22 23:51:23"
"TRAP GUYS","2005-08-22 23:48:56"
"CLOCKWORK PARADISE","2005-08-22 23:43:54"
"MAGIC MALLRATS","2005-08-22 23:38:01"
"ENCINO ELF","2005-08-22 23:37:11"
"WEEKEND PERSONAL","2005-08-22 23:35:41"
"HYDE DOCTOR","2005-08-22 23:27:43"
"CARRIE BUNCH","2005-08-22 23:26:32"
"ARACHNOPHOBIA ROLLERCOASTER","2005-08-22 23:26:32"
"BORROWERS BEDAZZLED","2005-08-22 23:21:22"
"REBEL AIRPORT","2005-08-22 23:20:41"
"SECRETARY ROUGE","2005-08-22 23:19:44"
"VICTORY ACADEMY","2005-08-22 23:18:10"
"GALAXY SWEETHEARTS","2005-08-22 23:17:41"
"GRAIL FRANKENSTEIN","2005-08-22 23:13:10"
"MOB DUFFEL","2005-08-22 23:13:03"
"STEERS ARMAGEDDON","2005-08-22 23:11:59"
"WIFE TURN","2005-08-22 23:10:49"
"FLINTSTONES HAPPINESS","2005-08-22 23:08:46"
"TEMPLE ATTRACTION","2005-08-22 23:07:57"
"NOVOCAINE FLIGHT","2005-08-22 23:06:25"
"SAGEBRUSH CLUELESS","2005-08-22 23:04:21"
"ORIENT CLOSER","2005-08-22 23:04:09"
"CANYON STOCK","2005-08-22 23:02:15"
"STREAK RIDGEMONT","2005-08-22 23:01:45"
"BROTHERHOOD BLANKET","2005-08-22 22:57:25"
"IDOLS SNATCHERS","2005-08-22 22:51:13"
"SWARM GOLD","2005-08-22 22:49:23"
"STONE FIRE","2005-08-22 22:49:13"
"PERFECT GROOVE","2005-08-22 22:41:14"
"ANTHEM LUKE","2005-08-22 22:37:34"
"PURPLE MOVIE","2005-08-22 22:34:44"
"CIDER DESIRE","2005-08-22 22:31:20"
"BINGO TALENTED","2005-08-22 22:30:50"
"COWBOY DOOM","2005-08-22 22:28:36"
"SIEGE MADRE","2005-08-22 22:28:15"
"HELLFIGHTERS SIERRA","2005-08-22 22:26:13"
"FLINTSTONES HAPPINESS","2005-08-22 22:25:17"
"ROUGE SQUAD","2005-08-22 22:22:33"
"OZ LIAISONS","2005-08-22 22:21:35"
"STEPMOM DREAM","2005-08-22 22:12:02"
"VACATION BOONDOCK","2005-08-22 22:09:09"
"WESTWARD SEABISCUIT","2005-08-22 22:08:11"
"STOCK GLASS","2005-08-22 21:59:51"
"ALI FOREVER","2005-08-22 21:59:29"
"CROW GREASE","2005-08-22 21:58:06"
"DRAGON SQUAD","2005-08-22 21:57:15"
"ARACHNOPHOBIA ROLLERCOASTER","2005-08-22 21:47:53"
"FISH OPUS","2005-08-22 21:45:57"
"ROOM ROMAN","2005-08-22 21:42:17"
"TRIP NEWTON","2005-08-22 21:41:41"
"LABYRINTH LEAGUE","2005-08-22 21:41:40"
"DEVIL DESIRE","2005-08-22 21:40:20"
"FERRIS MOTHER","2005-08-22 21:39:45"
"HOLOCAUST HIGHBALL","2005-08-22 21:36:51"
"WON DARES","2005-08-22 21:34:00"
"CONQUERER NUTS","2005-08-22 21:29:14"
"CLOSER BANG","2005-08-22 21:28:59"
"WONDERFUL DROP","2005-08-22 21:24:19"
"SASSY PACKER","2005-08-22 21:19:24"
"TRUMAN CRAZY","2005-08-22 21:18:59"
"SAMURAI LION","2005-08-22 21:18:08"
"AFFAIR PREJUDICE","2005-08-22 21:16:54"
"REAR TRADING","2005-08-22 21:15:46"
"DUCK RACER","2005-08-22 21:15:29"
"TENENBAUMS COMMAND","2005-08-22 21:13:51"
"STATE WASTELAND","2005-08-22 21:13:46"
"SOUTH WAIT","2005-08-22 21:12:19"
"SEA VIRGIN","2005-08-22 21:06:00"
"SATISFACTION CONFIDENTIAL","2005-08-22 21:05:50"
"SECRETS PARADISE","2005-08-22 21:01:48"
"MEMENTO ZOOLANDER","2005-08-22 21:01:25"
"REMEMBER DIARY","2005-08-22 20:56:41"
"ROCK INSTINCT","2005-08-22 20:56:31"
"SILENCE KANE","2005-08-22 20:55:56"
"GLORY TRACY","2005-08-22 20:52:12"
"CALENDAR GUNFIGHT","2005-08-22 20:51:24"
"BEDAZZLED MARRIED","2005-08-22 20:49:51"
"BUTTERFLY CHOCOLAT","2005-08-22 20:47:48"
"GANGS PRIDE","2005-08-22 20:44:55"
"STORM HAPPINESS","2005-08-22 20:44:35"
"HARDLY ROBBERS","2005-08-22 20:44:06"
"ROCKY WAR","2005-08-22 20:41:53"
"APACHE DIVINE","2005-08-22 20:37:57"
"CIDER DESIRE","2005-08-22 20:35:30"
"HELLFIGHTERS SIERRA","2005-08-22 20:32:39"
"WRATH MILE","2005-08-22 20:31:38"
"DETECTIVE VISION","2005-08-22 20:31:24"
"SECRET GROUNDHOG","2005-08-22 20:27:38"
"ARACHNOPHOBIA ROLLERCOASTER","2005-08-22 20:23:13"
"DRIVING POLISH","2005-08-22 20:22:40"
"SECRETARY ROUGE","2005-08-22 20:20:30"
"TRADING PINOCCHIO","2005-08-22 20:20:04"
"CHEAPER CLYDE","2005-08-22 20:17:49"
"PEACH INNOCENT","2005-08-22 20:17:17"
"GREATEST NORTH","2005-08-22 20:15:16"
"LABYRINTH LEAGUE","2005-08-22 20:14:13"
"HANKY OCTOBER","2005-08-22 20:07:03"
"BIKINI BORROWERS","2005-08-22 20:03:46"
"MEMENTO ZOOLANDER","2005-08-22 19:59:42"
"MAIDEN HOME","2005-08-22 19:58:15"
"SHOCK CABIN","2005-08-22 19:56:52"
"MARRIED GO","2005-08-22 19:56:41"
"MOURNING PURPLE","2005-08-22 19:54:52"
"DEER VIRGINIAN","2005-08-22 19:54:31"
"WORKER TARZAN","2005-08-22 19:54:26"
"CAMPUS REMEMBER","2005-08-22 19:46:36"
"CHITTY LOCK","2005-08-22 19:46:05"
"VIRGIN DAISY","2005-08-22 19:45:57"
"GOLD RIVER","2005-08-22 19:44:59"
"ARTIST COLDBLOODED","2005-08-22 19:44:53"
"CHANCE RESURRECTION","2005-08-22 19:44:16"
"KWAI HOMEWARD","2005-08-22 19:44:00"
"COMA HEAD","2005-08-22 19:42:57"
"FIREBALL PHILADELPHIA","2005-08-22 19:41:37"
"MOONSHINE CABIN","2005-08-22 19:37:20"
"INTRIGUE WORST","2005-08-22 19:36:21"
"PHILADELPHIA WIFE","2005-08-22 19:28:56"
"FLAMINGOS CONNECTICUT","2005-08-22 19:28:04"
"BEAST HUNCHBACK","2005-08-22 19:28:02"
"DEVIL DESIRE","2005-08-22 19:27:24"
"HOTEL HAPPINESS","2005-08-22 19:23:58"
"BEVERLY OUTLAW","2005-08-22 19:19:37"
"SNOWMAN ROLLERCOASTER","2005-08-22 19:17:56"
"BULWORTH COMMANDMENTS","2005-08-22 19:17:24"
"JUGGLER HARDLY","2005-08-22 19:17:08"
"GONE TROUBLE","2005-08-22 19:16:04"
"SWARM GOLD","2005-08-22 19:10:26"
"SALUTE APOLLO","2005-08-22 19:09:52"
"DOOM DANCING","2005-08-22 19:08:49"
"LOVELY JINGLE","2005-08-22 19:06:47"
"GUN BONNIE","2005-08-22 19:02:48"
"WORDS HUNTER","2005-08-22 18:59:01"
"FREAKY POCUS","2005-08-22 18:57:39"
"SCORPION APOLLO","2005-08-22 18:55:52"
"MARS ROMAN","2005-08-22 18:53:28"
"GO PURPLE","2005-08-22 18:49:40"
"UNBREAKABLE KARATE","2005-08-22 18:48:48"
"TOOTSIE PILOT","2005-08-22 18:48:42"
"CAMPUS REMEMBER","2005-08-22 18:39:44"
"EGYPT TENENBAUMS","2005-08-22 18:39:11"
"PACIFIC AMISTAD","2005-08-22 18:37:48"
"HEAD STRANGER","2005-08-22 18:37:24"
"GRIT CLOCKWORK","2005-08-22 18:35:59"
"WILD APOLLO","2005-08-22 18:27:38"
"ARMY FLINTSTONES","2005-08-22 18:27:33"
"MALTESE HOPE","2005-08-22 18:25:21"
"JASON TRAP","2005-08-22 18:24:34"
"POLLOCK DELIVERANCE","2005-08-22 18:24:16"
"REAR TRADING","2005-08-22 18:23:23"
"CONEHEADS SMOOCHY","2005-08-22 18:22:44"
"DAISY MENAGERIE","2005-08-22 18:21:04"
"HEAD STRANGER","2005-08-22 18:20:07"
"RUGRATS SHAKESPEARE","2005-08-22 18:16:50"
"SOUTH WAIT","2005-08-22 18:13:07"
"TOWN ARK","2005-08-22 18:05:21"
"HANDICAP BOONDOCK","2005-08-22 18:04:22"
"HORROR REIGN","2005-08-22 18:03:57"
"ISHTAR ROCKETEER","2005-08-22 18:03:11"
"ANALYZE HOOSIERS","2005-08-22 17:58:27"
"DECEIVER BETRAYED","2005-08-22 17:53:06"
"ZOOLANDER FICTION","2005-08-22 17:52:05"
"SPINAL ROCKY","2005-08-22 17:50:49"
"MANNEQUIN WORST","2005-08-22 17:49:35"
"FLYING HOOK","2005-08-22 17:48:42"
"WATCH TRACY","2005-08-22 17:48:28"
"INDEPENDENCE HOTEL","2005-08-22 17:48:10"
"CONTROL ANTHEM","2005-08-22 17:47:40"
"HUMAN GRAFFITI","2005-08-22 17:46:41"
"HALL CASSIDY","2005-08-22 17:46:17"
"BORROWERS BEDAZZLED","2005-08-22 17:46:12"
"WIZARD COLDBLOODED","2005-08-22 17:44:30"
"TOOTSIE PILOT","2005-08-22 17:44:27"
"MOSQUITO ARMAGEDDON","2005-08-22 17:43:12"
"WATCH TRACY","2005-08-22 17:41:53"
"ALASKA PHANTOM","2005-08-22 17:37:02"
"PANIC CLUB","2005-08-22 17:32:57"
"MASSACRE USUAL","2005-08-22 17:31:41"
"BILL OTHERS","2005-08-22 17:30:25"
"MADNESS ATTACKS","2005-08-22 17:27:23"
"PANTHER REDS","2005-08-22 17:22:41"
"BILKO ANONYMOUS","2005-08-22 17:20:17"
"GILMORE BOILED","2005-08-22 17:18:32"
"AIRPLANE SIERRA","2005-08-22 17:18:05"
"JUGGLER HARDLY","2005-08-22 17:13:39"
"FALCON VOLUME","2005-08-22 17:12:30"
"AMISTAD MIDSUMMER","2005-08-22 17:12:29"
"ARTIST COLDBLOODED","2005-08-22 17:02:23"
"RIDER CADDYSHACK","2005-08-22 17:00:31"
"ACE GOLDFINGER","2005-08-22 16:59:05"
"ALTER VICTORY","2005-08-22 16:58:31"
"GIANT TROOPERS","2005-08-22 16:57:02"
"HIGH ENCINO","2005-08-22 16:55:26"
"FOREVER CANDIDATE","2005-08-22 16:53:29"
"HOURS RAGE","2005-08-22 16:49:02"
"ISLAND EXORCIST","2005-08-22 16:44:26"
"PATRIOT ROMAN","2005-08-22 16:40:21"
"SPY MILE","2005-08-22 16:37:36"
"GHOST GROUNDHOG","2005-08-22 16:37:32"
"VISION TORQUE","2005-08-22 16:35:47"
"DRIVER ANNIE","2005-08-22 16:35:25"
"STRAIGHT HOURS","2005-08-22 16:33:39"
"REEF SALUTE","2005-08-22 16:32:23"
"FLATLINERS KILLER","2005-08-22 16:30:43"
"CLUELESS BUCKET","2005-08-22 16:28:00"
"INFORMER DOUBLE","2005-08-22 16:26:53"
"WIFE TURN","2005-08-22 16:24:42"
"DESIRE ALIEN","2005-08-22 16:22:53"
"AFFAIR PREJUDICE","2005-08-22 16:17:49"
"ELEPHANT TROJAN","2005-08-22 16:15:33"
"ORANGE GRAPES","2005-08-22 16:14:25"
"FEUD FROGMEN","2005-08-22 16:11:32"
"DONNIE ALLEY","2005-08-22 16:08:23"
"EARTH VISION","2005-08-22 16:07:34"
